Time_s,Strain_microstrain,Temperature_C,Bragg_Wavelength_nm,Residual_nm,Damage_Label,Damage_Severity
0,0,0,1549.99665443502,0.00334556497686292,0,0
1,4.99991666708333,0.0249998958334635,1550.00639784677,1.61350310858759e-06,0,0
2,9.99933334666654,0.0499991666708333,1550.01343929506,0.000640987863813694,0,0
3,14.9977501012478,0.0749971875316404,1550.02807407257,0.00887814508278546,0,0
4,19.9946670933171,0.0999933334666654,1550.02970124039,0.0041095324228642,0,0
5,24.9895846353392,0.124986979573562,1550.03666722965,0.00468219398562302,0,0
6,29.9820032397223,0.149977501012478,1550.05314018933,0.0147648915063936,0,0
7,34.9714236687664,0.174964273021681,1550.05664473783,0.0118828558108646,0,0
8,39.9573469845864,0.199946670933171,1550.06895211199,0.0178079358243491,0,0
9,44.9392745990055,0.224924070188301,1550.07376212241,0.0162405537903944,0,0
10,49.9167083234141,0.249895846353392,1550.08524115174,0.021347703539887,0,0
11,54.8891504185874,0.274861375135339,1550.07943695753,0.00917775321932725,0,0
12,59.8561036444597,0.299820032397223,1550.10294754756,0.02632932064041,0,0
13,64.8170713098474,0.324771194173913,1550.11823771139,0.0352678047125631,0,0
14,69.7715573221182,0.349714236687664,1550.12251008166,0.033196446699058,0,0
15,74.7190662367996,0.374648536363712,1550.13020328684,0.0345544828972784,0,0
16,79.659103307123,0.399573469845864,1550.1327761502,0.0308013435669675,0,0
17,84.591174533498,0.42448841401208,1550.14319602734,0.0349049903989737,0,0
18,89.5147867129121,0.449392745990055,1550.15181813749,0.0372212477340785,0,0
19,94.4294474882503,0.474285843172786,1550.15937372541,0.0384819644227549,0,0
20,99.3346653975306,0.499167083234141,1550.16302270514,0.0358476575119875,0,0
21,104.22994992305,0.524035844144412,1550.17368488689,0.0402387390718835,0,0
22,109.114811540435,0.548891504185874,1550.18283058571,0.0431261248022079,0,0
23,113.988761767594,0.573733441968319,1550.18954612042,0.04359673290263,0,0
24,118.851313213567,0.598561036444597,1550.20436451313,0.0521841835571071,0,0
25,123.701979627261,0.623373666926138,1550.22108843711,0.0626917467068538,0,0
26,128.540275946078,0.648170713098474,1550.2099812035,0.045383328742577,0,0
27,133.365718344416,0.672951555036742,1550.22542499022,0.0546417013167088,0,0
28,138.177824282057,0.697715573221182,1550.22574044491,0.0487881042332817,0,0
29,142.976112552418,0.722462148552632,1550.24761698055,0.0645125410480366,0,0
30,147.76010333067,0.747190662367996,1550.256288554,0.0670495575001607,0,0
31,152.529318221722,0.771900496455717,1550.24904270967,0.0536872851481735,0,0
32,157.283280308059,0.79659103307123,1550.27517156061,0.0737184223919983,0,0
33,162.021514197434,0.821261654952405,1550.26810806182,0.0605765077387994,0,0
34,166.743546070407,0.84591174533498,1550.2827241854,0.069134094875163,0,0
35,171.448903727726,0.87054068796798,1550.29512281393,0.075494646012386,0,0
36,176.137116637545,0.895147867129121,1550.2983811524,0.0727359437625166,0,0
37,180.807715982481,0.919732667640206,1550.31711896625,0.0854783290649453,0,0
38,185.460234706491,0.944294474882503,1550.32737666954,0.089762789388047,0,0
39,190.094207561581,0.96883267481211,1550.32225595498,0.0786915886240542,0,0
40,194.709171154325,0.993346653975306,1550.3199561958,0.0704646689582617,0,0
41,199.304663992211,1.01783579952389,1550.33556983003,0.0801750350330553,0,0
42,203.880226529785,1.0422994992305,1550.34103305646,0.0797594499421652,0,0
43,208.435401214605,1.06673714150391,1550.34930363276,0.0821762331775198,0,0
44,212.969732533,1.09114811540435,1550.35531714071,0.0823615259274947,0,0
45,217.482767055615,1.11553181065873,1550.36914863975,0.0903909444752814,0,0
46,221.97405348276,1.13988761767594,1550.38706623508,0.102533148278608,0,0
47,226.443142689534,1.16421492756208,1550.38070200076,0.0904207630343684,0,0
48,230.889587770741,1.18851313213567,1550.3905990208,0.0945974216911134,0,0
49,235.312944085579,1.21278162394286,1550.4055259998,0.103832375022499,0,0
50,239.712769302102,1.23701979627261,1550.41342087844,0.106064107093745,0,0
51,244.088623441454,1.26122704317189,1550.41741820322,0.104427704935414,0,0
52,248.440068921868,1.28540275946078,1550.42772435039,0.109130082430798,0,0
53,252.766670602423,1.30954634074762,1550.43452117584,0.110353630105456,0,0
54,257.067995826557,1.33365718344416,1550.43580101057,0.106091210607516,0,0
55,261.34361446533,1.35773468478056,1550.44736496719,0.112144465135663,0,0
56,265.593098960442,1.38177824282057,1550.45120347397,0.110504347399758,0,0
57,269.816024366985,1.40578725647647,1550.45564580862,0.10950065740001,0,0
58,274.011968395937,1.42976112552418,1550.47073178426,0.119173727306317,0,0
59,278.180511456392,1.45369925061821,1550.47527459593,0.118337267954141,0,0
60,282.321236697518,1.4776010333067,1550.4813468491,0.119064397275734,0,0
61,286.433730050241,1.50146587604631,1550.49105155669,0.123458637274953,0,0
62,290.517580268653,1.52529318221722,1550.50180669856,0.128938473459602,0,0
63,294.572378971135,1.54908235613801,1550.50607253954,0.12796467284953,0,0
64,298.597720681196,1.57283280308059,1550.5122841024,0.128972756869961,0,0
65,302.59320286802,1.596543929285,1550.51987709133,0.131398924782503,0,0
66,306.558425986717,1.62021514197434,1550.52586393983,0.132256101559164,0,0
67,310.49299351828,1.64384584936952,1550.5288275417,0.130127668780501,0,0
68,314.396512009234,1.66743546070407,1550.54368769499,0.139933908552019,0,0
69,318.268591110984,1.69098338623896,1550.55381363328,0.145044534754908,0,0
70,322.108843618846,1.71448903727726,1550.55107483979,0.137329507081143,0,0
71,325.916885510768,1.73795182617892,1550.57032080851,0.151638792148942,0,0
72,329.692335985737,1.76137116637545,1550.56669744304,0.143118762263724,0,0
73,333.434817501849,1.78474647238456,1550.57321610939,0.144781248187567,0,0
74,337.143955814073,1.80807715982481,1550.5767620936,0.143511996706611,0,0
75,340.819380011667,1.83136264543024,1550.58406224683,0.146038315674289,0,0
76,344.460722555276,1.85460234706491,1550.5899910379,0.147235126545174,0,0
77,348.067619313678,1.87779568373751,1550.60321511631,0.155769527271208,0,0
78,351.639709600205,1.90094207561581,1550.61607765151,0.163985131619522,0,0
79,355.176636208804,1.92404094404123,1550.61733361512,0.160637351255726,0,0
80,358.678045449761,1.94709171154325,1550.62552739665,0.164271011505782,0,0
81,362.143587185071,1.9700938018539,1550.63448168486,0.168709232610186,0,0
82,365.572914863448,1.99304663992211,1550.62174637083,0.151502332790411,0,0
83,368.965685554981,2.01594965192813,1550.63983292316,0.165162203388976,0,0
84,372.32155998543,2.03880226529785,1550.64881715572,0.169765076572548,0,0
85,375.640202570146,2.06160390871712,1550.65697397097,0.173586268627518,0,0
86,378.921281447638,2.08435401214605,1550.65315292185,0.165475741806499,0,0
87,382.164468512753,2.10705200683324,1550.66089076276,0.168970655241292,0,0
88,385.369439449485,2.12969732533,1550.67606950196,0.179953417348625,0,0
89,388.535873763412,2.15228940150454,1550.67768185917,0.177417143356666,0,0
90,391.663454813742,2.17482767055615,1550.68713105975,0.182765449439563,0,0
91,394.751869844975,2.19731156902927,1550.68561515795,0.177196775976291,0,0
92,397.800810018183,2.2197405348276,1550.68825363747,0.175830988020952,0,0
93,400.809970441889,2.24211400722817,1550.70618403758,0.189806001409345,0,0
94,403.779050202557,2.26443142689534,1550.71425070617,0.193966535758441,0,0
95,406.707752394687,2.28669223589478,1550.72230097136,0.198160286079565,0,0
96,409.595784150499,2.30889587770741,1550.71228627081,0.184339051985227,0,0
97,412.442856669225,2.33104179724336,1550.71901915198,0.187315737976454,0,0
98,415.248685245985,2.35312944085579,1550.72403968627,0.188630767509958,0,0
99,418.01298930026,2.37515825635475,1550.73685507066,0.19779168462851,0,0
100,420.735492403948,2.39712769302102,1550.73958893715,0.196922463324342,0,0
101,423.415922309008,2.4190372016198,1550.75478861923,0.208570774043881,0,0
102,426.054010974681,2.44088623441454,1550.74644183538,0.196724667087564,0,0
103,428.649494594302,2.46267424518054,1550.75045237034,0.197288253896985,0,0
104,431.202113621669,2.48440068921868,1550.76558489156,0.209026523416532,0,0
105,433.711612797009,2.50606502336899,1550.77586425906,0.215964651992714,0,0
106,436.177741172493,2.52766670602423,1550.77117340664,0.207985884508301,0,0
107,438.600252137341,2.54920519714348,1550.77409362543,0.207671817888868,0,0
108,440.978903442474,2.57067995826557,1550.784855506,0.215253343234026,0,0
109,443.313457224744,2.59209045252259,1550.78254605924,0.209817766608808,0,0
110,445.603680030718,2.6134361446533,1550.79588662901,0.220086721730125,0,0
111,447.849342840024,2.63471650101651,1550.8049586586,0.226141936329993,0,0
112,450.050221088253,2.65593098960442,1550.8068671503,0.225088691741916,0,0
113,452.206094689413,2.67707908005592,1550.80113861803,0.216453775493692,0,0
114,454.316748057942,2.69816024366985,1550.81285149695,0.22531589089342,0,0
115,456.381970130261,2.71917395341821,1550.81882032499,0.228489838507687,0,0
116,458.401554385883,2.74011968395937,1550.83413713732,0.241067910654664,0,0
117,460.375298868068,2.76099691165114,1550.83432583379,0.238574258764088,0,0
118,462.30300620401,2.78180511456392,1550.83409188196,0.235714596420433,0,0
119,464.184483624583,2.80254377249372,1550.84549292814,0.244546810389065,0,0
120,466.019542983613,2.82321236697518,1550.83823415762,0.234776320757993,0,0
121,467.808000776693,2.8438103812945,1550.84617087962,0.240258665948252,0,0
122,469.549678159534,2.86433730050241,1550.85937183046,0.251062805803572,0,0
123,471.244400965849,2.88479261142698,1550.86415996662,0.253511914642955,0,0
124,472.891999724769,2.90517580268653,1550.86458096346,0.251651879972655,0,0
125,474.492309677793,2.92548636470231,1550.86760567413,0.252453761359399,0,0
126,476.045170795258,2.94572378971135,1550.86638570844,0.24906936930216,0,0
127,477.550427792346,2.96588757177906,1550.87714666594,0.257724498252076,0,0
128,479.007930144612,2.98597720681196,1550.87332843443,0.251859225151084,0,0
129,480.417532103036,3.00599219257021,1550.88432988424,0.260872603658111,0,0
130,481.779092708596,3.0259320286802,1550.88679541099,0.261409206913109,0,0
131,483.092475806367,3.04579621664707,1550.89495233944,0.267696531345192,0,0
132,484.357550059133,3.06558425986717,1550.89093658756,0.261870660772292,0,0
133,485.574188960522,3.08529566364043,1550.89999709966,0.269180699456969,0,0
134,486.74227084766,3.1049299351828,1550.90447296467,0.271965890407039,0,0
135,487.86167891333,3.1244865836385,1550.89964591521,0.265508114429545,0,0
136,488.932301217658,3.14396512009234,1550.90848966171,0.272781224221551,0,0
137,489.954030699307,3.16336505758193,1550.9192051176,0.281986269556275,0,0
138,490.92676518618,3.18268591110984,1550.9152311006,0.27656219855291,0,0
139,491.850407405638,3.20192719765573,1550.91651535036,0.276456875327403,0,0
140,492.72486499423,3.22108843618846,1550.92367074657,0.282283298045718,0,0
141,493.550050506925,3.24016914767804,1550.92328020585,0.280624495847198,0,0
142,494.32588142586,3.25916885510768,1550.93007887098,0.286215718043904,0,0
143,495.052280168589,3.2780870834857,1550.93033585115,0.285326174366547,0,0
144,495.729174095843,3.29692335985737,1550.93400354588,0.287908358851218,0,0
145,496.356495518794,3.31567721331675,1550.93942354229,0.292303947125085,0,0
146,496.934181705822,3.33434817501849,1550.946894396,0.298811577321825,0,0
147,497.46217488879,3.35293577818952,1550.94524415395,0.296259372836909,0,0
148,497.94042226882,3.37143955814073,1550.95406733034,0.304241918285201,0,0
149,498.368876021572,3.38985905227857,1550.93846283731,0.287858190195766,0,0
150,498.747493302027,3.40819380011667,1550.94907614392,0.297753715942764,0,0
151,499.076236248774,3.42644334328727,1550.95515866835,0.303179966008691,0,0
152,499.355071987792,3.44460722555276,1550.95239755919,0.299824135180972,0,0
153,499.583972635738,3.46268499281701,1550.95272677701,0.299620224182854,0,0
154,499.76291530274,3.48067619313678,1550.96466323012,0.311085175406441,0,0
155,499.891882094678,3.49858037673302,1550.96705140916,0.313063507518717,0,0
156,499.970860114983,3.51639709600205,1550.96778297747,0.31344690577647,0,0
157,499.999841465917,3.53412590552683,1550.9705991296,0.315976580611816,0,0
158,499.97882324937,3.55176636208804,1550.96649450953,0.311647185789715,0,0
159,499.907807567145,3.56931802467518,1550.97052195034,0.315511558109017,0,0
160,499.786801520753,3.58678045449761,1550.97457839775,0.319466640914587,0,0
161,499.615817210695,3.60415321499549,1550.9737122803,0.318560854322946,0,0
162,499.394871735262,3.62143587185071,1550.98078881857,0.325659404384997,0,0
163,499.123987188816,3.63862799299775,1550.99287186574,0.337826123713202,0,0
164,498.803190659587,3.65572914863448,1550.98048928257,0.325588846407506,0,0
165,498.432514226959,3.67273891123289,1550.98793077034,0.333237241033595,0,0
166,498.011994958268,3.68965685554981,1550.98125293667,0.326827876413802,0,0
167,497.54167490509,3.70648255863752,1550.99479284684,0.340697772989511,0,0
168,497.021601099038,3.7232155998543,1550.98485791919,0.331154298220774,0,0
169,496.451825547059,3.739855560875,1550.99229433658,0.339043578006268,0,0
170,495.832405226234,3.75640202570146,1550.98964358287,0.33690703322335,0,0
171,495.163402078079,3.77285458067293,1550.99672114142,0.344560078218503,0,0
172,494.444883002351,3.78921281447639,1550.99558114515,0.344056770855421,0,0
173,493.676919850358,3.80547631815683,1550.99660662085,0.345780056868592,0,0
174,492.859589417777,3.82164468512753,1551.01281318206,0.362745462706666,0,0
175,491.992973436968,3.83771751118014,1550.99609770252,0.346849769032255,0,0
176,491.077158568809,3.85369439449485,1551.00013290846,0.351765603002196,0,0
177,490.112236394023,3.86957493565041,1551.01484106788,0.36741512755394,0,0
178,489.098303404022,3.88535873763412,1550.99669049568,0.350266546569223,0,0
179,488.035460991262,3.90104540585175,1551.00612644253,0.360764993727199,0,0
180,486.923815439098,3.91663454813742,1550.9988562703,0.354617707954418,0,0
181,485.763477911158,3.93212577476337,1551.01020861652,0.367153197920463,0,0
182,484.554564440228,3.94751869844975,1551.00744980141,0.365637649062499,0,0
183,483.297195916649,3.96281293437427,1551.00976952836,0.3692606240563,0,0
184,481.991498076224,3.97800810018183,1551.00575151547,0.36660569441806,0,0
185,480.63760148765,3.99310381599407,1551.00894901304,0.37122595796858,0,0
186,479.235641539457,4.00809970441889,1551.01560333207,0.379362567394254,0,0
187,477.785758426472,4.02299539055985,1550.99732360635,0.362624492288111,0,0
188,476.288097135798,4.03779050202557,1551.00093181961,0.367833546375344,0,0
189,474.742807432315,4.05248466893905,1551.01151576269,0.380077344684886,0,0
190,473.150043843707,4.06707752394687,1551.00644588573,0.376726155740655,0,0
191,471.509965645005,4.08156870222842,1551.00846065501,0.380518258422851,0,0
192,469.822736842662,4.09595784150499,1551.00262201655,0.37651540561768,0,0
193,468.088526158153,4.11024458204886,1551.00568839967,0.381475827763435,0,0
194,466.3075070111,4.12442856669225,1551.0082395764,0.385979092274807,0,0
195,464.479857501935,4.13850944083629,1551.00662156703,0.386371009169803,0,0
196,462.605760394084,4.15248685245985,1551.00585058397,0.387667574873294,0,0
197,460.685403095698,4.16636045212838,1551.00794882555,0.391890766097936,0,0
198,458.718977640905,4.1801298930026,1551.00516260455,0.391286668378424,0,0
199,456.706680670613,4.19379483084722,1551.01634629071,0.404709418586172,0,0
200,454.648713412841,4.20735492403948,1551.00439893217,0.395057826438605,0,0
201,452.5452816626,4.22080983357778,1551.01807859443,0.411089713438403,0,0
202,450.396595761314,4.23415922309008,1551.00670826442,0.402127816967318,0,0
203,448.20287057578,4.24740275884232,1551.00085735655,0.398741296400349,0,0
204,445.96432547669,4.26054010974681,1551.00450257057,0.404906590962221,0,0
205,443.681184316688,4.27357094737047,1551.01169297661,0.414672504811621,0,0
206,441.353675407987,4.28649494594302,1551.01166945442,0.417279646282462,0,0
207,438.982031499539,4.29931178236517,1551.00650540182,0.414801136383779,0,0
208,436.566489753758,4.31202113621669,1551.00640112748,0.417437001601177,0,0
209,434.107291722806,4.32462268976439,1551.00733420488,0.421164527885266,0,0
210,431.604683324437,4.33711612797009,1550.99602600228,0.412704790654596,0,0
211,429.058914817404,4.34950113849847,1550.99951047928,0.419091451372566,0,0
212,426.470240776438,4.36177741172493,1550.99231268263,0.414849253389485,0,0
213,423.838920066785,4.37394464074327,1550.99820920883,0.42375448460069,0,0
214,421.165215818323,4.38600252137341,1551.0041396002,0.432746373518044,0,0
215,418.449395399249,4.39795075216894,1551.00186646263,0.433587207047251,0,0
216,415.691730389342,4.40978903442474,1551.00855227805,0.443439143028452,0,0
217,412.892496552804,4.42151707218435,1550.99672883253,0.43483363831669,0,0
218,410.051973810687,4.43313457224744,1550.98384331365,0.425217546241514,0,0
219,407.170446212898,4.44464124417711,1551.00175219045,0.44644699653718,0,0
220,404.248201909795,4.45603680030718,1550.99834522176,0.446411403735433,0,0
221,401.285533123374,4.46732095574932,1550.98759883418,0.439086845178093,0,0
222,398.282736118043,4.47849342840024,1550.99015313342,0.4451130724032,0,0
223,395.240111171002,4.4895539389487,1550.99141565051,0.449897257364268,0,0
224,392.15796254221,4.50050221088253,1550.98787088511,0.449923535788116,0,0
225,389.036598443961,4.51133797049548,1550.9878091329,0.453481834614341,0,0
226,385.876331010063,4.52206094689413,1550.98209503577,0.451436422204051,0,0
227,382.677476264627,4.53267087200464,1550.98074755494,0.453805881495402,0,0
228,379.440354090461,4.54316748057942,1550.97961730403,0.456440443145611,0,0
229,376.165288197085,4.55355051020381,1550.97341628367,0.454051720133765,0,0
230,372.85260608836,4.56381970130261,1550.98261997677,0.467114803093924,0,0
231,369.502639029735,4.57397479714657,1550.97363074657,0.462031658420787,0,0
232,366.115722015126,4.58401554385883,1550.97507911261,0.467432404239333,0,0
233,362.69219373341,4.59394169042125,1550.96537377208,0.461725331831724,0,0
234,359.232396534563,4.60375298868068,1550.96222851758,0.46262382341267,0,0
235,355.736676395422,4.61344919335516,1550.96506104869,0.469545163744168,0,0
236,352.205382885088,4.6230300620401,1550.9621185726,0.470736140835295,0,0
237,348.638869129969,4.63249535521427,1550.96717887725,0.479974119093071,0,0
238,345.037491778468,4.64184483624583,1550.9620136105,0.479030318546847,0,0
239,341.40161096532,4.65107827139825,1550.95942103739,0.480702572145895,0,0
240,337.731590275575,4.66019542983613,1550.94718601723,0.472775302903917,0,0
241,334.027796708245,4.66919608363098,1550.94722201064,0.477161530961425,0,0
242,330.2906006396,4.67808000776693,1550.95067846257,0.485010256691089,0,0
243,326.520375786132,4.68684698014633,1550.94549495176,0.484260610134676,0,0
244,322.717499167185,4.69549678159534,1550.95120977955,0.494450439950629,0,0
245,318.882351067252,4.70402919586936,1550.94894942561,0.496705769094319,0,0
246,315.015314997946,4.71244400965849,1550.93678376455,0.489096011552976,0,0
247,311.116777659652,4.72074101259281,1550.94146777161,0.49837567801003,0,0
248,307.187128902856,4.72891999724769,1550.94143439614,0.502977249434617,0,0
249,303.226761689157,4.73698075914894,1550.93338831061,0.499604926109697,0,0
250,299.236072051978,4.74492309677793,1550.93718819522,0.508116912292221,0,0
251,295.215459056956,4.75274681157663,1550.9316334882,0.507312166545616,0,0
252,291.165324762041,4.76045170795258,1550.92460451018,0.505070526190214,0,0
253,287.086074177286,4.76803759328377,1550.92509377286,0.510384016009782,0,0
254,282.978115224351,4.77550427792346,1550.91882116578,0.508972035056549,0,0
255,278.841858695708,4.78285157520493,1550.91287813883,0.507925539201361,0,0
256,274.677718213563,4.79007930144612,1550.91381295468,0.513792293671922,0,0
257,270.486110188494,4.79718727595427,1550.9092349291,0.514181113340124,0,0
258,266.267453777811,4.80417532103036,1550.90422941227,0.514176844159603,0,0
259,262.022170843638,4.81104326197365,1550.91187252345,0.526855097834998,0,0
260,257.750685910732,4.81779092708596,1550.90105526443,0.521106365338594,0,0
261,253.453426124027,4.82441814767603,1550.91049939049,0.535651887924393,0,0
262,249.130821205919,4.83092475806367,1550.8922329263,0.522519173083228,0,0
263,244.7833034133,4.83731059558397,1550.89336964911,0.528821477759488,0,0
264,240.411307494324,4.84357550059133,1550.89526438361,0.535913103315124,0,0
265,236.015270644941,4.84971931646344,1550.89776975703,0.543646150615979,0,0
266,231.595632465173,4.85574188960522,1550.8823835004,0.533517821404237,0,0
267,227.152834915153,4.86164306945267,1550.87362673785,0.530048707606858,0,0
268,222.687322270936,4.8674227084766,1550.87827809635,0.540016901162517,0,0
269,218.199541080063,4.87308066218632,1550.86431619815,0.531400486488306,0,0
270,213.689940116915,4.8786167891333,1550.86617289142,0.538630771201883,0,0
271,209.158970337829,4.88403095091464,1550.86550029871,0.543359334607964,0,0
272,204.607084836009,4.88932301217658,1550.86816055673,0.551447767538901,0,0
273,200.03473879621,4.89449284061787,1550.86444385154,0.553185707623978,0,0
274,195.442389449226,4.89954030699307,1550.85363977227,0.547862193017224,0,0
275,190.830496026166,4.90446528511578,1550.85489130518,0.554619656575539,0,0
276,186.199519712528,4.9092676518618,1550.84513450571,0.550393597900213,0,0
277,181.549923602084,4.91394728717221,1550.84649153947,0.557305624430853,0,0
278,176.882172650571,4.91850407405638,1550.84918370046,0.565576469692796,0,0
279,172.196733629195,4.92293789859487,1550.83678921575,0.558783798048958,0,0
280,167.494075077952,4.9272486499423,1550.83087835846,0.558497317710359,0,0
281,162.77466725878,4.93143622033011,1550.82623449302,0.559499826112698,0,0
282,158.038982108527,4.93550050506925,1550.82864922219,0.567582356902813,0,0
283,153.287493191761,4.93944140255283,1550.8280646506,0.572686443635267,0,0
284,148.520675653416,4.9432588142586,1550.82829766473,0.578628399734351,0,0
285,143.739006171272,4.94695264475148,1550.81421084327,0.570270228922285,0,0
286,138.942962908293,4.95052280168589,1550.81100801138,0.572815179590048,0,0
287,134.133025464809,4.9539691958081,1550.8032629622,0.570836466297699,0,0
288,129.309674830555,4.95729174095843,1550.81070214445,0.584059957463521,0,0
289,124.473393336576,4.96049035407343,1550.79846324337,0.577622756379218,0,0
290,119.624664606991,4.96356495518794,1550.79265579377,0.577633814283172,0,0
291,114.763973510632,4.96651546743709,1550.80210845353,0.592921203934288,0,0
292,109.891806112558,4.96934181705822,1550.79138628944,0.58804940553142,0,0
293,105.00864962545,4.97204393339275,1550.7870531845,0.589581714021507,0,0
294,100.114992360885,4.9746217488879,1550.77456374305,0.582972144327536,0,0
295,95.2113236805135,4.97707519909843,1550.77786779241,0.592169933066203,0,0
296,90.2981339471165,4.9794042226882,1550.77439156229,0.594600717963064,0,0
297,85.3759144755727,4.98160876143175,1550.76240992427,0.588538777413375,0,0
298,80.4451574837279,4.98368876021572,1550.76281038898,0.594871027740933,0,0
299,75.5063560431719,4.98564416704025,1550.75797147397,0.595975391117201,0,0
300,70.5600040299336,4.98747493302027,1550.75868120419,0.602639296077173,0,0
301,65.6065960750919,4.98918101238673,1550.74704262004,0.596965185679516,0,0
302,60.6466275153149,4.99076236248774,1550.75354839372,0.609445133852913,0,0
303,55.6805943433248,4.99221894378962,1550.75304435729,0.614924373558019,0,0
304,50.7089931583009,4.99355071987791,1550.73860943321,0.606481227399491,0,0
305,45.7323211162184,4.99475765745829,1550.73608504355,0.609956516842514,0,0
306,40.7510758801346,4.99583972635738,1550.73465472279,0.614533175132674,0,0
307,35.7657555704216,4.99679689952351,1550.73412413046,0.62001625994342,0,0
308,30.7768587149566,4.9976291530274,1550.7266981863,0.618610088648564,0,0
309,25.7848841992673,4.99833646606275,1550.72204806239,0.619985230461373,0,0
310,20.7903312166452,4.99891882094678,1550.71361862242,0.617585945798461,0,0
311,15.7936992182269,4.99937620312066,1550.71084074938,0.620842514027501,0,0
312,10.795487863048,4.99970860114983,1550.71102703812,0.627066926061728,0,0
313,5.79619696807914,4.99991600672438,1550.71233316358,0.634414252681519,0,0
314,0.796326458243414,4.99999841465917,1550.70271720407,0.630841967869192,0,0
315,-4.20362368357431,4.99995582289402,1550.68979954615,0.623969853728808,0,0
316,-9.2031534665269,4.9997882324937,1550.69394818601,0.634165301944793,0,0
317,-14.2017629418019,4.99949564764798,1550.68727481188,0.633539396257524,0,0
318,-19.1989522526177,4.99907807567145,1550.68246761685,0.634779725310181,0,0
319,-24.1942216842071,4.99853552700341,1550.67854497278,0.636904056684798,0,0
320,-29.18707171379,4.99786801520753,1550.67119625984,0.635601166418166,0,0
321,-34.1770030605239,4.99707555697157,1550.66994700576,0.640395978374446,0,0
322,-39.1635167354326,4.99615817210695,1550.66358724507,0.640077923531298,0,0
323,-44.1461140913038,4.99511588354825,1550.66164576644,0.644175187360394,0,0
324,-49.1242968725543,4.99394871735262,1550.66002175563,0.648586352861963,0,0
325,-54.0975672650542,4.99265670269916,1550.65627609331,0.650871698443707,0,0
326,-59.0654279459089,4.99123987188816,1550.65029987503,0.650921717934752,0,0
327,-64.0273821331898,4.98969826034033,1550.64659423318,0.653236942602015,0,0
328,-68.9829336356136,4.98803190659587,1550.64351083685,0.656168441099266,0,0
329,-73.9315869021593,4.98624085231354,1550.64162548335,0.660291411027506,0,0
330,-78.8728470716243,4.98432514226959,1550.64174107532,0.666408156104319,0,0
331,-83.8062200221092,4.9822848243567,1550.63443998477,0.665100450257812,0,0
332,-88.7312124204303,4.98011994958268,1550.62592114606,0.662566630687602,0,0
333,-93.6473317714516,4.97783057206931,1550.62636853655,0.668990078571207,0,0
334,-98.5540864673349,4.9754167490509,1550.61818429413,0.666772336623184,0,0
335,-103.4509858367,4.9728785408729,1550.60655192215,0.661096314124457,0,0
336,-108.33754019369,4.97021601099038,1550.59977380634,0.660263803855239,0,0
337,-113.213260886942,4.96742922596645,1550.59900775609,0.665432023505818,0,0
338,-118.077660348448,4.96451825547059,1550.60246775249,0.674814363695154,0,0
339,-122.930252142319,4.96148317227692,1550.59664543118,0.674901870926009,0,0
340,-127.770551013416,4.95832405226234,1550.5922460328,0.676399198101621,0,0
341,-132.598072935887,4.95504097440471,1550.59216708431,0.682203285868088,0,0
342,-137.412335161562,4.95163402078079,1550.58480012915,0.680705092857092,0,0
343,-142.212856268231,4.94810327656425,1550.58108855633,0.68284742483592,0,0
344,-146.999156207784,4.94444883002351,1550.58345079113,0.691048125455934,0,0
345,-151.770756354215,4.94067077251954,1550.58049189365,0.693911674852418,0,0
346,-156.527179551485,4.93676919850358,1550.58495729087,0.704182921790357,0,0
347,-161.267950161239,4.93274420551479,1550.57049773003,0.695512037082757,0,0
348,-165.992594110367,4.92859589417777,1550.56550636426,0.696291599269291,0,0
349,-170.70063893841,4.92432436820009,1550.55859148806,0.695129330188119,0,0
350,-175.39161384481,4.91992973436968,1550.55675238031,0.699023937994759,0,0
351,-180.065049735984,4.91541210255216,1550.55376153063,0.701747343612187,0,0
352,-184.720479272239,4.91077158568809,1550.54154108337,0.695221124796304,0,0
353,-189.357436914499,4.90600829979015,1550.54535953336,0.704713211882006,0,0
354,-193.975458970865,4.90112236394023,1550.54674154746,0.711747709426935,0,0
355,-198.57408364298,4.89611390028648,1550.53650924672,0.707146178454947,0,0
356,-203.152851072208,4.89098303404022,1550.53822573681,0.714471166879814,0,0
357,-207.711303385623,4.88572989347286,1550.53712610062,0.718957202194068,0,0
358,-212.248984741791,4.88035460991262,1550.53399230727,0.721385700567204,0,0
359,-216.765441376359,4.87485731774132,1550.52895245428,0.721884208991007,0,0
360,-221.260221647426,4.86923815439098,1550.51025516039,0.708700798242215,0,0
361,-225.732876080712,4.86349726034038,1550.51524361926,0.719178116544274,0,0
362,-230.182957414499,4.85763477911158,1550.51910966692,0.728507457175463,0,0
363,-234.610020644364,4.8516508572663,1550.51313840098,0.727973377657673,0,0
364,-239.013623067671,4.84554564440228,1550.50777875293,0.728024272118505,0,0
365,-243.39332432785,4.83931929314953,1550.5065557099,0.732184593140236,0,0
366,-247.748686458422,4.83297195916649,1550.50666582648,0.737650363600159,0,0
367,-252.079273926806,4.82650380113619,1550.49845690169,0.734768853705415,0,0
368,-256.384653677862,4.81991498076224,1550.49059626213,0.73220686421627,0,0
369,-260.664395177203,4.81320566276481,1550.49021922006,0.737099184514326,0,0
370,-264.918070454247,4.8063760148765,1550.48684153272,0.738961052069479,0,0
371,-269.145254145009,4.79942620783815,1550.48915497637,0.7464837264396,0,0
372,-273.345523534644,4.79235641539457,1550.48355439542,0.746061538510257,0,0
373,-277.518458599712,4.78516681429021,1550.48108341033,0.748737598436111,0,0
374,-281.663642050185,4.77785758426472,1550.47596979717,0.748739175217588,0,0
375,-285.780659371172,4.77042890804847,1550.47033645503,0.748188664223062,0,0
376,-289.869098864372,4.76288097135798,1550.46940352532,0.752305706475189,0,0
377,-293.928551689241,4.75521396289127,1550.46716473079,0.755083527752632,0,0
378,-297.958611903882,4.74742807432315,1550.45610782481,0.749009387934375,0,0
379,-301.95887650563,4.73952350030044,1550.46104436221,0.758894351864924,0,0
380,-305.92894547136,4.73150043843707,1550.46187433098,0.764637921090944,0,0
381,-309.868421797482,4.72335908930917,1550.45380722865,0.761449110321466,0,0
382,-313.776911539647,4.71509965645005,1550.45937760422,0.771861989393722,0,0
383,-317.654023852138,4.7067223463451,1550.45151182791,0.768802453069845,0,0
384,-321.499371026954,4.69822736842662,1550.44383814705,0.765898276971961,0,0
385,-325.312568532584,4.68961493506864,1550.44243784151,0.769230273051697,0,0
386,-329.093235052452,4.68088526158153,1550.43913694108,0.770624007032716,0,0
387,-332.84099252306,4.67203856620668,1550.43906202928,0.775205602273891,0,0
388,-336.555466171781,4.663075070111,1550.43901193555,0.779773431968653,0,0
389,-340.236284554347,4.65399499738144,1550.43120006653,0.776540450501123,0,0
390,-343.883079591987,4.64479857501935,1550.43241243946,0.782292226899785,0,0
391,-347.495486608236,4.63548603293479,1550.43639718051,0.790776443158802,0,0
392,-351.073144365403,4.62605760394084,1550.42981908339,0.788657452957745,0,0
393,-354.615695100693,4.61651352374773,1550.42686964988,0.790126322207339,0,0
394,-358.122784561985,4.60685403095698,1550.41629222509,0.783925964330157,0,0
395,-361.594062043256,4.59707936705539,1550.41535983622,0.787328979105121,0,0
396,-365.02918041965,4.58718977640905,1550.41695029817,0.793212758295447,0,0
397,-368.427796182192,4.57718550625722,1550.41298348811,0.793496760254606,0,0
398,-371.789569472137,4.56706680670613,1550.40315359325,0.787874757752617,0,0
399,-375.114164114959,4.55683393072273,1550.40154215705,0.790427884238402,0,0
400,-378.401247653964,4.54648713412841,1550.41212439233,0.805130946962752,0,0
401,-381.650491383537,4.53602667559253,1550.40112611686,0.798209362620121,0,0
402,-384.861570382012,4.525452816626,1550.41327631993,0.814391723945572,0,0
403,-388.034163544166,4.51476582157477,1550.38978742951,0.794890066973995,0,0
404,-391.167953613326,4.50396595761314,1550.40119925947,0.810243818192587,0,0
405,-394.262627213098,4.49305349473715,1550.39706234547,0.810003130576935,0,0
406,-397.317874878699,4.4820287057578,1550.39142786485,0.808218803454386,0,0
407,-400.333391087909,4.47089186629425,1550.3954269782,0.81602162413077,0,0
408,-403.30887429162,4.4596432547669,1550.38767919707,0.812030735623627,0,0
409,-406.244026943992,4.44828315239045,1550.39423766321,0.822298915978519,0,0
410,-409.138555532205,4.43681184316688,1550.38861091638,0.820334346053111,0,0
411,-411.992170605813,4.42522961387831,1550.37846534777,0.813803063031583,0,0
412,-414.804586805685,4.41353675407987,1550.37297249,0.811876250433279,0,0
413,-417.575522892547,4.40173355609245,1550.38215962935,0.824580850368425,0,0
414,-420.304701775097,4.38982031499539,1550.38783927367,0.833729031494924,0,0
415,-422.991850537723,4.37779732861909,1550.38159680976,0.830905846447689,0,0
416,-425.636700467787,4.36566489753758,1550.37959252269,0.832271251142854,0,0
417,-428.238987082501,4.35342332506102,1550.3814402592,0.837438768271294,0,0
418,-430.79845015537,4.34107291722806,1550.3697649039,0.829032963490155,0,0
419,-433.314833742222,4.32861398279828,1550.3826397625,0.845126828680985,0,0
420,-435.787886206794,4.31604683324437,1550.369875524,0.835530744210755,0,0
421,-438.217360245901,4.30337178274442,1550.37341660527,0.842188823499615,0,0
422,-440.603012914163,4.29058914817404,1550.37034439154,0.842182153559,0,0
423,-442.944605648301,4.27769924909843,1550.37189622378,0.846747782412291,0,0
424,-445.241904290994,4.26470240776438,1550.36046408908,0.83827740946917,0,0
425,-447.494679114292,4.25159894909226,1550.37689670952,0.857619474472667,0,0
426,-449.702704842589,4.23838920066785,1550.37114943552,0.854729050840254,0,0
427,-451.865760675153,4.22507349273417,1550.37766603763,0.864049637472754,0,0
428,-453.983630308203,4.21165215818323,1550.37394890099,0.863083353304307,0,0
429,-456.05610195654,4.19812553254769,1550.36622549143,0.858057403327723,0,0
430,-458.082968374727,4.18449395399249,1550.36082903013,0.855304753394654,0,0
431,-460.064026877812,4.17075776330638,1550.35623982154,0.853305458059942,0,0
432,-461.999079361594,4.15691730389342,1550.36448344757,0.864084854857851,0,0
433,-463.887932322438,4.14297292176436,1550.36501299875,0.867095795467941,0,0
434,-465.730396876621,4.12892496552804,1550.36871953155,0.873229103050711,0,0
435,-467.526288779225,4.11477378638263,1550.35836358282,0.865245086730341,0,0
436,-469.275428442554,4.10051973810687,1550.36677561531,0.875973987114246,0,0
437,-470.977640954101,4.08616317705123,1550.36289719039,0.874357149049327,0,0
438,-472.632756094032,4.07170446212898,1550.35846551191,0.8721315654886,0,0
439,-474.240608352213,4.05714395480725,1550.36605435786,0.881870809218166,0,0
440,-475.801036944758,4.04248201909795,1550.36341732116,0.881328273589834,0,0
441,-477.313885830108,4.02771902154872,1550.3608751094,0.880824472345345,0,0
442,-478.779003724636,4.01285533123374,1550.37145496636,0.893386461124741,0,0
443,-480.196244117772,3.99789131974447,1550.36518903152,0.889046197012383,0,0
444,-481.565465286658,3.98282736118043,1550.36172243212,0.887448630604869,0,0
445,-482.886530310319,3.96766383213981,1550.36384886451,0.891387287357892,0,0
446,-484.159307083354,3.95240111171002,1550.36314155608,0.892435229572447,0,0
447,-485.383668329144,3.9370395814583,1550.36387617411,0.894867965257124,0,0
448,-486.559491612587,3.9215796254221,1550.36563533344,0.898267955766807,0,0
449,-487.686659352333,3.90602163009951,1550.36076639046,0.894982409845014,0,0
450,-488.765058832549,3.89036598443961,1550.36027303981,0.896014880360102,0,0
451,-489.794582214183,3.87461307983271,1550.3665932946,0.903803244487371,0,0
452,-490.775126545758,3.85876331010063,1550.37480524104,0.913425458386659,0,0
453,-491.706593773655,3.84281707148677,1550.36449337209,0.90446589084685,0,0
454,-492.58889075193,3.82677476264627,1550.36166964435,0.902936380195315,0,0
455,-493.421929251618,3.81063678463601,1550.36630451619,0.90880727245994,0,0
456,-494.205625969565,3.79440354090461,1550.36589945237,0.909579925943577,0,0
457,-494.939902536752,3.77807543728231,1550.36756349011,0.912363277391559,0,0
458,-495.624685526134,3.76165288197085,1550.37251698712,0.91837758992004,0,0
459,-496.259906459982,3.74513628553327,1550.370487144,0.917349975544154,0,0
460,-496.845501816732,3.7285260608836,1550.36922184275,0.917028233591785,0,0
461,-497.381413037338,3.71182262327661,1550.37108996144,0.919781165449606,0,0
462,-497.867586531123,3.69502639029735,1550.36787015143,0.917387351761277,0,0
463,-498.303973681143,3.67813778185079,1550.37141807908,0.921702394168917,0,0
464,-498.690530849047,3.66115722015126,1550.36994250462,0.920934994137567,0,0
465,-499.02721937944,3.6440851297119,1550.37577839962,0.927420070498136,0,0
466,-499.314005603749,3.6269219373341,1550.37434269712,0.926574509516479,0,0
467,-499.550860843592,3.60966807209676,1550.37770133372,0.93046420704623,0,0
468,-499.737761413642,3.59232396534563,1550.38125690836,0.934491727271311,0,0
469,-499.874688623997,3.57489005068246,1550.37835017708,0.931997797481083,0,0
470,-499.96162878205,3.55736676395422,1550.3859019336,0.939903188668621,0,0
471,-499.998573193859,3.53975454324216,1550.38940614664,0.943701852820815,0,0
472,-499.985518165012,3.52205382885088,1550.38465288206,0.939183845089015,0,0
473,-499.922465001002,3.50426506329732,1550.396862592,0.951569612930027,0,0
474,-499.809420007093,3.48638869129969,1550.3852455917,0.940069472869741,0,0
475,-499.646394487689,3.46842515976636,1550.3931594756,0.948041026704784,0,0
476,-499.433404745207,3.45037491778468,1550.38969652482,0.944576568885099,0,0
477,-499.170472078444,3.43223841660977,1550.39745748476,0.952276864159281,0,0
478,-498.857622780447,3.4140161096532,1550.394680838,0.949380420471224,0,0
479,-498.494888135885,3.3957084524717,1550.40060514062,0.955125825245805,0,0
480,-498.08230441792,3.37731590275575,1550.40201374311,0.956296466362087,0,0
481,-497.619912884581,3.35883892031814,1550.40208924894,0.956074990627666,0,0
482,-497.107759774636,3.34027796708245,1550.40004591052,0.953675699817624,0,0
483,-496.545896302968,3.32163350707157,1550.41561037765,0.968825299061248,0,0
484,-495.934378655456,3.302906006396,1550.42525951247,0.978000711833039,0,0
485,-495.273267983357,3.28409593324231,1550.42890794818,0.981116638601192,0,0
486,-494.562630397185,3.26520375786132,1550.41792164422,0.969539112070516,0,0
487,-493.802536960108,3.24622995255646,1550.42280237444,0.973769985327489,0,0
488,-492.993063680835,3.22717499167185,1550.4234120603,0.973671264970928,0,0
489,-492.134291506021,3.20803935158054,1550.42888739683,0.978379737160805,0,0
490,-491.226306312166,3.18882351067252,1550.42673903689,0.975406151779209,0,0
491,-490.269198897034,3.16952794934282,1550.42461903603,0.972402667350915,0,0
492,-489.263064970569,3.15015314997946,1550.43697578579,0.983817784285093,0,0
493,-488.208005145325,3.13069959695143,1550.43403204023,0.979874371412637,0,0
494,-487.104124926405,3.11116777659652,1550.43370307837,0.978487828410998,0,0
495,-485.95153470091,3.09155817720925,1550.45820186115,1.00187124275412,0,0
496,-484.750349726904,3.07187128902856,1550.44833691317,0.990833271431246,0,0
497,-483.500690121883,3.05210760422564,1550.45475358544,0.996019403696466,0,0
498,-482.202680850765,3.03226761689157,1550.46198443732,1.00196234299667,0,0
499,-480.856451713397,3.01235182302502,1550.45094343537,0.989576205757387,0,0
500,-479.462137331569,2.99236072051978,1550.46483517453,1.00206574264974,0,0
501,-478.019877135559,2.97229480915238,1550.46873726577,1.00450872609646,0,0
502,-476.529815350184,2.95215459056956,1550.47015970745,1.00441532172587,0,0
503,-474.99210098038,2.93194056827574,1550.47410578728,1.00678899026,0,0
504,-473.406887796304,2.91165324762041,1550.47430588227,1.0053602874286,0,0
505,-471.774334317953,2.89129313578554,1550.48424589821,1.01361530349912,0,0
506,-470.094603799314,2.87086074177286,1550.48012189822,1.00775029173956,0,0
507,-468.367864212039,2.85035657639116,1550.48418651406,1.01001807974582,0,0
508,-466.594288228649,2.82978115224351,1550.49564756458,1.01962668785567,0,0
509,-464.774053205263,2.80913498371444,1550.50436144897,1.02643272238488,0,0
510,-462.907341163866,2.78841858695708,1550.49795980029,1.01806802915252,0,0
511,-460.994338774108,2.76763247988028,1550.5013844,1.01947460793184,0,0
512,-459.035237334634,2.74677718213563,1550.51002293492,1.02604036947332,0,0
513,-457.030232753953,2.72585321510449,1550.51747164253,1.03136178070923,0,0
514,-454.979525530855,2.70486110188494,1550.52113136067,1.0328399144558,0,0
515,-452.883320734352,2.68380136727872,1550.52187780579,1.03135072766385,0,0
516,-450.741827983177,2.66267453777811,1550.52164447892,1.02882796732193,0,0
517,-448.555261424821,2.64148114155272,1550.53230831113,1.03714881590167,0,0
518,-446.323839714117,2.62022170843638,1550.5331596034,1.03560383123022,0,0
519,-444.047785991377,2.59889676991379,1550.544889826,1.04488474582823,0,0
520,-441.727327860077,2.57750685910732,1550.5354660892,1.03295893755026,0,0
521,-439.362697364095,2.55605251076362,1550.54776787204,1.04270615841653,0,0
522,-436.954130964511,2.53453426124027,1550.5581170848,1.05044859697475,0,0
523,-434.501869515958,2.51295264849239,1550.5538525092,1.04352531850672,0,0
524,-432.006158242537,2.49130821205919,1550.55791340864,1.04487587523821,0,0
525,-429.467246713296,2.46960149305045,1550.56113105043,1.04533182852981,0,0
526,-426.885388817272,2.447833034133,1550.56921833236,1.0506063754311,0,0
527,-424.260842738102,2.42600337951719,1550.57447280926,1.05299737520314,0,0
528,-421.593870928208,2.40411307494324,1550.58107304955,1.05668370581622,0,0
529,-418.884740082549,2.38216266766764,1550.58093662698,1.05358325570691,0,0
530,-416.133721111951,2.36015270644941,1550.59077988655,1.06041268961362,0,0
531,-413.341089116018,2.33808374153645,1550.59241112143,1.05898062550984,0,0
532,-410.507123355623,2.31595632465173,1550.59869929712,1.06215635867909,0,0
533,-407.632107224982,2.29377100897951,1550.60151333759,1.06180914788722,0,0
534,-404.71632822331,2.27152834915153,1550.60950153478,1.066587624793,0,0
535,-401.760077926078,2.24922890123313,1550.63402109356,1.08784933888449,0,0
536,-398.763651955852,2.22687322270936,1550.6385150361,1.08903766183197,0,0
537,-395.727349952733,2.20446187247099,1550.63256500371,1.07973458929908,0,0
538,-392.65147554439,2.18199541080063,1550.63616680365,1.07993628766503,0,0
539,-389.536336315702,2.15947439935865,1550.63128662822,1.07160931315391,0,0
540,-386.382243777994,2.13689940116915,1550.64024747752,1.07707703449356,0,0
541,-383.189513337892,2.11427098060592,1550.64561249824,1.07890297167892,0,0
542,-379.95846426578,2.0915897033783,1550.6569706929,1.08667650522935,0,0
543,-376.689419663873,2.06885613651702,1550.66233897905,1.08841493526433,0,0
544,-373.382706433906,2.04607084836009,1550.66614108315,1.08854237541731,0,0
545,-370.038655244447,2.02323440853851,1550.66961636418,1.0882985763716,0,0
546,-366.657600497828,2.0003473879621,1550.67245164573,1.08737075790052,0,0
547,-363.239880296707,1.97741035880517,1550.68291421558,1.09402660844898,0,0
548,-359.785836410254,1.95442389449226,1550.69443328812,1.10169574745468,0,0
549,-356.295814239981,1.93138856968378,1550.69676708521,1.10013680623766,0,0
550,-352.770162785196,1.90830496026166,1550.70147056904,1.10090516074661,0,0
551,-349.209234608107,1.88517364331492,1550.70982990925,1.10528739869342,0,0
552,-345.613385798563,1.86199519712528,1550.71548239148,1.10692122802962,0,0
553,-341.98297593845,1.83877020115269,1550.71053868399,1.0979177435226,0,0
554,-338.318368065728,1.81549923602084,1550.72481528268,1.10809387176049,0,0
555,-334.619928638131,1.79218288350265,1550.72873233623,1.10787019620845,0,0
556,-330.888027496518,1.76882172650571,1550.72687255257,1.10182986367423,0,0
557,-327.123037827896,1.74541634905774,1550.73661985188,1.10735723724078,0,0
558,-323.325336128092,1.72196733629195,1550.74792204227,1.11440057190586,0,0
559,-319.495302164112,1.69847527443244,1550.75994595759,1.12212715232277,0,0
560,-315.63331893616,1.67494075077952,1550.76100770056,1.11885353595371,0,0
561,-311.739772639343,1.65136435369508,1550.76983834389,1.12331125406652,0,0
562,-307.815052625043,1.6277466725878,1550.77044722084,1.11951010227618,0,0
563,-303.859551361993,1.60408829789849,1550.77059727116,1.11521348646955,0,0
564,-299.873664397022,1.58038982108527,1550.78833620216,1.12846958378243,0,0
565,-295.857790315505,1.55665183460884,1550.78962923883,1.12524409267574,0,0
566,-291.812330701504,1.53287493191761,1550.80680184056,1.13786294965204,0,0
567,-287.737690097609,1.50905970743293,1550.8162028513,1.14267547933191,0,0
568,-283.634275964484,1.48520675653416,1550.81229162496,1.13414151977324,0,0
569,-279.502498640124,1.46131667554383,1550.82677092354,1.14396432064358,0,0
570,-275.342771298819,1.43739006171272,1550.83226461418,1.14476824013094,0,0
571,-271.155509909835,1.41342751320493,1550.82714370155,1.13492477732503,0,0
572,-266.941133195822,1.38942962908293,1550.84080697409,1.14383321840973,0,0
573,-262.70006259094,1.36539700929257,1550.84906595623,1.14730558881776,0,0
574,-258.432722198714,1.34133025464809,1550.85719322787,1.15061497267153,0,0
575,-254.139538749629,1.3172299668171,1550.86481084587,1.15338393421389,0,0
576,-249.820941558451,1.29309674830555,1550.87167780458,1.15537197828799,0,0
577,-245.4773624813,1.26893120244264,1550.87860648034,1.157391994797,0,0
578,-241.109235872466,1.24473393336576,1550.88058947424,1.15443710140264,0,0
579,-236.716998540968,1.22050554600538,1550.8910151875,1.15989621882809,0,0
580,-232.301089706879,1.19624664606991,1550.88484925943,1.14873550882555,0,0
581,-227.861950957402,1.1719578400306,1550.89729443988,1.15615824651695,0,0
582,-223.400026202715,1.14763973510632,1550.91619559697,1.17000982810836,0,0
583,-218.915761631573,1.12329293924844,1550.91395825334,1.16269630704423,0,0
584,-214.409605666698,1.09891806112558,1550.92600198735,1.16963779520021,0,0
585,-209.882008919929,1.07451571010843,1550.93903260567,1.17754063539556,0,0
586,-205.33342414717,1.0500864962545,1550.93420019715,1.16755545521057,0,0
587,-200.764306203107,1.02563103029284,1550.94102554273,1.16920357684751,0,0
588,-196.175111995727,1.00114992360885,1550.95055950187,1.17353640347887,0,0
589,-191.566300440626,0.976643788228915,1550.96245287619,1.18020528289584,0,0
590,-186.938332415118,0.952113236805135,1550.96647108085,1.17897617875853,0,0
591,-182.291670712151,0.927558882600027,1550.96987543932,1.17711096535632,0,0
592,-177.626779994021,0.902981339471165,1550.9741910229,1.17613526706274,0,0
593,-172.944126745914,0.878381221855845,1550.98751688462,1.18414869217243,0,0
594,-168.244179229252,0.853759144755727,1550.99559549905,1.18689427266899,0,0
595,-163.52740743487,0.829115723721458,1551.00137823405,1.18732393588941,0,0
596,-158.794283036017,0.804451574837279,1551.0101169854,1.19069013913489,0,0
597,-154.045279341189,0.779767314705627,1551.01334123262,1.18852292540653,0,0
598,-149.280871246797,0.755063560431719,1551.02897428306,1.19874616744908,0,0
599,-144.501535189681,0.730340929608128,1551.02278260136,1.18712689716859,0,0
600,-139.707749099463,0.705600040299336,1551.04182357717,1.2007230732574,0,0
601,665.100007649242,0.680841511026286,1552.01910711115,1.20534516717646,1,0.3
602,669.921254284766,0.656065960750919,1552.01899530612,1.19975585420112,1,0.301754385964912
603,674.755508686463,0.631274008860705,1552.03044700304,1.20571454940406,1,0.303508771929825
604,679.60228743292,0.606466275153149,1552.03969930478,1.20945893132193,1,0.305263157894737
605,684.461105850304,0.5816433798203,1552.04268954151,1.20692690729936,1,0.307017543859649
606,689.331478060821,0.556805943433248,1552.05323044133,1.21193178405717,1,0.308771929824561
607,694.212917031307,0.531954586926612,1552.0629084301,1.21606056748085,1,0.310526315789474
608,699.104934621936,0.507089931583009,1552.06372392094,1.21131425202306,1,0.312280701754386
609,704.007041635023,0.482212599017528,1552.0801592787,1.22217578518192,1,0.314035087719298
610,708.918747863952,0.457323211162184,1552.08904144491,1.22547269230454,1,0.315789473684211
611,713.839562142195,0.432422390250382,1552.09277076484,1.223605903665,1,0.317543859649123
612,718.768992392423,0.407510758801346,1552.09884679733,1.22407556419262,1,0.319298245614035
613,723.706545675719,0.382588939604564,1552.10056481865,1.22017753729387,1,0.321052631578947
614,728.651728240871,0.357657555704216,1552.11648662146,1.23047420373714,1,0.32280701754386
615,733.604045573742,0.332717230383606,1552.11556680829,1.22392075507591,1,0.324561403508772
616,738.563002446725,0.307768587149566,1552.13724153783,1.23995393988371,1,0.326315789473684
617,743.528102968266,0.282812249716876,1552.13956883646,1.236632375243,1,0.328070175438596
618,748.498850632451,0.257848841992673,1552.14591614458,1.23732409295886,1,0.329824561403509
619,753.474748368656,0.232878988060848,1552.15028578757,1.23603201054718,1,0.331578947368421
620,758.455298591252,0.207903312166452,1552.14903949453,1.22911844980821,1,0.333333333333333
621,763.440003249368,0.182922438700081,1552.16161498926,1.23602172783995,1,0.335087719298246
622,768.428363876694,0.157936992182269,1552.17709647528,1.24582664196213,1,0.336842105263158
623,773.419881641322,0.132947597247877,1552.19501238149,1.25806221528593,1,0.33859649122807
624,778.414057395636,0.10795487863048,1552.19433490156,1.25170123610293,1,0.340350877192982
625,783.410391726222,0.0829594611467395,1552.1998684681,1.25154873194308,1,0.342105263157895
626,788.40838500381,0.0579619696807914,1552.20329784719,1.24929006408456,1,0.343859649122807
627,793.407537433239,0.0329630291686178,1552.21430862684,1.2546114159208,1,0.345614035087719
628,798.407349103431,0.00796326458243414,1552.22619882073,1.26081139666376,1,0.347368421052632
629,803.407320037385,-0.0170366990849494,1552.22780795272,1.25673012578338,1,0.349122807017544
630,808.406950242175,-0.0420362368357431,1552.24622660386,1.2694587799463,1,0.350877192982456
631,813.405739758947,-0.0670347236828075,1552.23835554871,1.25589872931379,1,0.352631578947368
632,818.403188712913,-0.092031534665269,1552.25026303219,1.26211881427999,1,0.354385964912281
633,823.398797363345,-0.117026044864157,1552.26009156987,1.26626214574399,1,0.356140350877193
634,828.392066153539,-0.142017629418019,1552.25774217445,1.25823033149692,1,0.357894736842105
635,833.382495760778,-0.167005663538544,1552.27801798241,1.27282710285574,1,0.359649122807018
636,838.36958714626,-0.191989522526177,1552.28325491177,1.27238897231197,1,0.36140350877193
637,843.352841605001,-0.216968581785746,1552.29093993453,1.27440350593817,1,0.363157894736842
638,848.331760815709,-0.241942216842071,1552.30217529238,1.2799735390473,1,0.364912280701754
639,853.305846890612,-0.266909803355578,1552.31107976529,1.28321844468234,1,0.366666666666667
640,858.274602425247,-0.2918707171379,1552.31752546113,1.28401092324019,1,0.368421052631579
641,863.237530548201,-0.316824334167496,1552.31881669149,1.2796558781759,1,0.370175438596491
642,868.194134970799,-0.341770030605239,1552.32856659385,1.28376703812853,1,0.371929824561403
643,873.143920036728,-0.366707182810017,1552.33819743988,1.28776726517391,1,0.373684210526316
644,878.086390771606,-0.391635167354326,1552.33776807787,1.28171599718409,1,0.375438596491228
645,883.021052932479,-0.416553361039848,1552.34648452776,1.28481984281068,1,0.37719298245614
646,887.947413057242,-0.441461140913038,1552.35713258632,1.2898651865612,1,0.378947368421053
647,892.864978513989,-0.466357884280698,1552.36724798173,1.29438834339718,1,0.380701754385965
648,897.773257550272,-0.491242968725543,1552.38339546627,1.30495465129471,1,0.382456140350877
649,902.671759342277,-0.516115772121754,1552.38599666078,1.301986315677,1,0.384210526315789
650,907.559994043908,-0.540975672650542,1552.38735514162,1.29778749629588,1,0.385964912280702
651,912.437472835767,-0.56582204881569,1552.39396667799,1.29885454454241,1,0.387719298245614
652,917.30370797404,-0.590654279459089,1552.41231220998,1.31166898135656,1,0.389473684210526
653,922.158212839269,-0.615471743776263,1552.42582805322,1.31966770190653,1,0.391228070175439
654,927.000501985012,-0.640273821331898,1552.42050011882,1.30883719538728,1,0.392982456140351
655,931.830091186389,-0.665059892075348,1552.4247560425,1.307605674172,1,0.394736842105263
656,936.646497488507,-0.689829336356136,1552.42755884148,1.30493673058413,1,0.396491228070175
657,941.449239254746,-0.714581534939442,1552.44695251792,1.31887494027535,1,0.398245614035088
658,946.237836214935,-0.739315869021593,1552.45096479159,1.31744859492108,1,0.4
659,951.011809513366,-0.764031720245523,1552.46276443908,1.3238270412554,1,0.401754385964912
660,955.770681756689,-0.788728470716243,1552.45979708463,1.31545647191853,1,0.403508771929825
661,960.513977061645,-0.813405503016273,1552.47292814991,1.32320287518619,1,0.405263157894737
662,965.241221102656,-0.838062200221092,1552.47582058748,1.3207297683239,1,0.407017543859649
663,969.951941159256,-0.862697945914554,1552.49281145593,1.33237477269141,1,0.408771929824561
664,974.645666163368,-0.887312124204303,1552.49100635314,1.3252440469453,1,0.410526315789474
665,979.3219267464,-0.911904119737159,1552.50063008492,1.32956295565875,1,0.412280701754386
666,983.980255286192,-0.936473317714516,1552.50661149422,1.33026089840864,1,0.414035087719298
667,988.620185953772,-0.961019103907705,1552.52058196405,1.33896981267084,1,0.41578947368421
668,993.24125475994,-0.985540864673349,1552.52499342456,1.33814218086522,1,0.417543859649123
669,997.842999601665,-1.01003798696871,1552.52504639637,1.33297907359931,1,0.419298245614035
670,1002.4249603083,-1.034509858367,1552.53409640156,1.33683656061669,1,0.421052631578947
671,1006.98667868759,-1.05895586707271,1552.53919970299,1.33677145004382,1,0.42280701754386
672,1011.5276985715,-1.0833754019369,1552.55410055098,1.34652853504731,1,0.424561403508772
673,1016.04756586182,-1.10776785247247,1552.56035035817,1.34765976860709,1,0.426315789473684
674,1020.5458285756,-1.13213260886942,1552.55760637341,1.33982293738651,1,0.428070175438596
675,1025.02203689031,-1.15646906201011,1552.5633158191,1.34046579897339,1,0.429824561403509
676,1029.47574318885,-1.18077660348448,1552.57968781573,1.35179800639484,1,0.431578947368421
677,1033.90650210429,-1.20505462560527,1552.59038824046,1.35748596664812,1,0.433333333333333
678,1038.31387056445,-1.22930252142319,1552.59473089938,1.35684401287749,1,0.435087719298246
679,1042.69740783615,-1.25351968474209,1552.59312414152,1.35028101837136,1,0.436842105263158
680,1047.0566755693,-1.27770551013416,1552.60001145039,1.35224098802928,1,0.43859649122807
681,1051.39123784079,-1.30185939295502,1552.61900377473,1.36633538901794,1,0.440350877192982
682,1055.70066119798,-1.32598072935887,1552.62080951274,1.36327313504794,1,0.442105263157895
683,1059.98451470213,-1.35006891631354,1552.62644271755,1.36406879168103,1,0.443859649122807
684,1064.24236997147,-1.37412335161562,1552.64176154142,1.37458102056184,1,0.445614035087719
685,1068.47380122401,-1.39814343390548,1552.6379733353,1.36601767886702,1,0.447368421052632
686,1072.67838532015,-1.42212856268231,1552.64937603637,1.37267720685941,1,0.449122807017544
687,1076.855701805,-1.44607813831915,1552.65749857244,1.37608903215112,1,0.450877192982456
688,1081.00533295037,-1.46999156207784,1552.66618669044,1.38009939822981,1,0.452631578947368
689,1085.12686379662,-1.49386823612404,1552.66445982518,1.37372823310441,1,0.454385964912281
690,1089.2198821941,-1.51770756354215,1552.67712854299,1.38178659294095,1,0.456140350877193
691,1093.28397884437,-1.54150894835021,1552.69566021254,1.39574233277946,1,0.457894736842105
692,1097.31874734116,-1.56527179551485,1552.68089401333,1.37643511503244,1,0.459649122807018
693,1101.32378421099,-1.58899551096613,1552.69713442144,1.38816989516376,1,0.46140350877193
694,1105.29868895349,-1.61267950161239,1552.70028544925,1.38685116133262,1,0.463157894736842
695,1109.24306408151,-1.63632317535511,1552.70373227916,1.38586456811862,1,0.464912280701754
696,1113.15651516083,-1.65992594110367,1552.71010441409,1.3878400869232,1,0.466666666666667
697,1117.03865084959,-1.68348720879016,1552.72311316904,1.39648949750286,1,0.468421052631579
698,1120.88908293747,-1.7070063893841,1552.73852341367,1.40757813051662,1,0.470175438596491
699,1124.70742638446,-1.73048289490722,1552.72925957633,1.39403087149171,1,0.471929824561403
700,1128.49329935939,-1.7539161384481,1552.74217828114,1.40270479784655,1,0.473684210526316
701,1132.24632327814,-1.77730553417686,1552.74288386232,1.39920469321449,1,0.475438596491228
702,1135.96612284143,-1.80065049735984,1552.76172814713,1.41388283029162,1,0.47719298245614
703,1139.65232607241,-1.82395044437417,1552.76069478692,1.40872330187649,1,0.478947368421053
704,1143.30456435382,-1.84720479272239,1552.76336770854,1.40731047221107,1,0.480701754385965
705,1146.92247246488,-1.87041296104699,1552.77320151557,1.41309937817869,1,0.482456140350877
706,1150.5056886178,-1.89357436914499,1552.77607784513,1.41197208608281,1,0.484210526315789
707,1154.05385449394,-1.91668843798238,1552.78760367254,1.41953599622714,1,0.485964912280702
708,1157.56661527968,-1.93975458970865,1552.78705951786,1.41507204945776,1,0.487719298245614
709,1161.04361970186,-1.96277224767121,1552.78825762975,1.41239291093751,1,0.489473684210526
710,1164.48452006294,-1.9857408364298,1552.80093126293,1.42123224758206,1,0.491228070175439
711,1167.88897227575,-2.00865978177091,1552.81329513628,1.42980518615107,1,0.492982456140351
712,1171.2566358979,-2.03152851072208,1552.80525401112,1.41801689142703,1,0.494736842105263
713,1174.58717416584,-2.0543464515663,1552.81572839863,1.42478827361009,1,0.496491228070175
714,1177.88025402853,-2.07711303385623,1552.82762271234,1.43302414081715,1,0.498245614035088
715,1181.13554618071,-2.09982768842849,1552.81861144012,1.42039937097448,1,0.5
716,1184.35272509588,-2.12248984741791,1552.83690746128,1.43512722889726,1,0.501754385964912
717,1187.53146905883,-2.14509894427169,1552.8430674824,1.43776480208883,1,0.503508771929825
718,1190.67146019783,-2.16765441376359,1552.84584645507,1.43706741841775,1,0.505263157894737
719,1193.77238451636,-2.19015569200804,1552.84635775941,1.43414882963584,1,0.507017543859649
720,1196.83393192458,-2.21260221647426,1552.8555563195,1.43996432673726,1,0.508771929824561
721,1199.8557962703,-2.23499342600031,1552.86139379605,1.44246593262381,1,0.510526315789474
722,1202.83767536961,-2.25732876080712,1552.87089244041,1.44867625603695,1,0.512280701754386
723,1205.77927103707,-2.27960766251247,1552.87477419262,1.44931758960922,1,0.514035087719298
724,1208.68028911559,-2.30182957414499,1552.87489760827,1.44624883666627,1,0.51578947368421
725,1211.54043950575,-2.32399394015804,1552.8898917345,1.45809938719681,1,0.517543859649123
726,1214.35943619492,-2.34610020644364,1552.8866328267,1.4517458345177,1,0.519298245614035
727,1217.13699728576,-2.36814782034626,1552.8878688879,1.44993651464598,1,0.521052631578947
728,1219.87284502449,-2.39013623067671,1552.89473606287,1.45380790032651,1,0.52280701754386
729,1222.56670582861,-2.41206488772589,1552.90616708705,1.46229304997327,1,0.524561403508772
730,1225.21831031428,-2.4339332432785,1552.90774575862,1.46097607967616,1,0.526315789473684
731,1227.82739332327,-2.45574075062679,1552.9160590861,1.46644431076934,1,0.528070175438596
732,1230.39369394945,-2.47748686458422,1552.91675512763,1.46434610910521,1,0.529824561403509
733,1232.9169555649,-2.49917104149908,1552.93358621258,1.47843410660145,1,0.531578947368421
734,1235.39692584555,-2.52079273926806,1552.91751552473,1.45967178441057,1,0.533333333333333
735,1237.83335679644,-2.54235141734985,1552.92840398967,1.46792036027572,1,0.535087719298246
736,1240.22600477652,-2.56384653677862,1552.93465036323,1.47157887696765,1,0.536842105263158
737,1242.57463052297,-2.5852775601775,1552.94005328904,1.47444625973753,1,0.53859649122807
738,1244.87899917518,-2.60664395177203,1552.95137071816,1.48328073600241,1,0.540350877192982
739,1247.1388802982,-2.62794517740353,1552.9496173414,1.47909726759316,1,0.542105263157895
740,1249.35404790581,-2.64918070454247,1552.95232265232,1.47942561374029,1,0.543859649122807
741,1251.52428048309,-2.67035000230177,1552.95756362854,1.48234301234753,1,0.545614035087719
742,1253.64936100859,-2.69145254145009,1552.96524802608,1.48775747428494,1,0.547368421052632
743,1255.72907697603,-2.71248779442505,1552.96225946063,1.48255286471024,1,0.549122807017544
744,1257.76322041554,-2.73345523534644,1552.97212257253,1.49025406792264,1,0.550877192982456
745,1259.75158791449,-2.7543543400293,1552.96615091607,1.48217487671069,1,0.552631578947368
746,1261.69398063776,-2.77518458599712,1552.97763498758,1.49160602038189,1,0.554385964912281
747,1263.59020434771,-2.79594545249483,1552.97731810083,1.48929104015457,1,0.556140350877193
748,1265.44006942356,-2.81663642050185,1552.98270579037,1.49273569247094,1,0.557894736842105
749,1267.24339088032,-2.83725697274506,1552.99127050876,1.49941264619963,1,0.559649122807018
750,1268.99998838737,-2.85780659371172,1552.98806474873,1.49437460478495,1,0.56140350877193
751,1270.70968628641,-2.87828476966238,1552.99252186654,1.49705512956419,1,0.563157894736842
752,1272.37231360908,-2.89869098864372,1552.9936081484,1.49642070619471,1,0.564912280701754
753,1273.98770409403,-2.91902474050131,1552.99370951348,1.49485744761561,1,0.566666666666667
754,1275.55569620355,-2.93928551689241,1553.00770281148,1.50724239160844,1,0.568421052631579
755,1277.07613313976,-2.95947281129869,1553.01782604365,1.51581372182791,1,0.570175438596491
756,1278.54886286021,-2.97958611903882,1553.01459791363,1.5110903185692,1,0.571929824561404
757,1279.97373809316,-2.99962493728116,1553.01777630098,1.51283023229843,1,0.573684210526316
758,1281.35061635228,-3.0195887650563,1553.01709390716,1.5107663296506,1,0.575438596491228
759,1282.6793599509,-3.03947710326959,1553.03356855655,1.52591659438896,1,0.57719298245614
760,1283.95983601574,-3.0592894547136,1553.02767200194,1.51875293289239,1,0.578947368421053
761,1285.19191650029,-3.07902532408057,1553.03859884543,1.5284700950418,1,0.580701754385965
762,1286.37547819751,-3.09868421797482,1553.03709076491,1.52580990068955,1,0.582456140350877
763,1287.51040275222,-3.118265644925,1553.03706001187,1.5246847374564,1,0.58421052631579
764,1288.59657667291,-3.13776911539647,1553.04682257298,1.53341072225967,1,0.585964912280702
765,1289.6338913431,-3.15719414180348,1553.04930263912,1.53491217040113,1,0.587719298245614
766,1290.62224303218,-3.17654023852138,1553.04675379007,1.53144278017857,1,0.589473684210526
767,1291.56153290581,-3.19580692189876,1553.05665311554,1.54047975392739,1,0.591228070175439
768,1292.45166703578,-3.21499371026954,1553.06188389226,1.54490647510751,1,0.592982456140351
769,1293.29255640942,-3.23410012396502,1553.05539500131,1.53767192562137,1,0.594736842105263
770,1294.0841169385,-3.25312568532584,1553.05713183802,1.53872159567303,1,0.596491228070175
771,1294.82626946762,-3.27206991871395,1553.06306201895,1.5440231907851,1,0.598245614035088
772,1295.51893978215,-3.29093235052452,1553.0653675339,1.54575878376666,1,0.6
773,1296.16205861562,-3.30971250919774,1553.07015748651,1.55003755530086,1,0.601754385964912
774,1296.75556165671,-3.3284099252306,1553.06729434782,1.54672204753843,1,0.603508771929825
775,1297.29938955559,-3.34702413118868,1553.07454135863,1.55357556639395,1,0.605263157894737
776,1297.79348792993,-3.36555466171781,1553.07854333448,1.55724298656428,1,0.607017543859649
777,1298.2378073703,-3.38400105355568,1553.07646365694,1.55488774277489,1,0.608771929824561
778,1298.63230344513,-3.40236284554347,1553.07855893223,1.55676648842418,1,0.610526315789474
779,1298.97693670515,-3.42063957863732,1553.07367827326,1.55172837760848,1,0.612280701754386
780,1299.2716726873,-3.43883079591987,1553.07618423022,1.55413599570849,1,0.614035087719298
781,1299.51648191825,-3.45693604261162,1553.07678022214,1.55469279092452,1,0.61578947368421
782,1299.71133991726,-3.47495486608236,1553.07984602264,1.55777856006439,1,0.617543859649123
783,1299.85622719871,-3.49288681586243,1553.08721281454,1.56522450312335,1,0.619298245614035
784,1299.95112927399,-3.51073144365403,1553.08177539753,1.55992543093258,1,0.621052631578947
785,1299.99603665296,-3.52848830334238,1553.1028827487,1.58123032574876,1,0.62280701754386
786,1299.99094484493,-3.54615695100693,1553.09709208702,1.57569640566149,1,0.624561403508772
787,1299.93585435907,-3.5637369449324,1553.08474152189,1.56366177318683,1,0.626315789473684
788,1299.83077070439,-3.58122784561985,1553.09093188495,1.57022724709307,1,0.628070175438596
789,1299.67570438916,-3.59862921579769,1553.09773440836,1.5774640406092,1,0.629824561403509
790,1299.47067091989,-3.61594062043256,1553.09121256786,1.57143560456738,1,0.631578947368421
791,1299.21569079975,-3.63316162674025,1553.0989249827,1.57970052728941,1,0.633333333333333
792,1298.91078952654,-3.6502918041965,1553.10806788154,1.58945500051699,1,0.635087719298246
793,1298.55599759013,-3.66733072454776,1553.1031228818,1.58518059871607,1,0.636842105263158
794,1298.15135046943,-3.68427796182192,1553.10487650817,1.58766379764875,1,0.63859649122807
795,1297.69688862881,-3.70113309233892,1553.10141625599,1.58499203772017,1,0.640350877192982
796,1297.19265751407,-3.71789569472137,1553.10479856001,1.5892216927642,1,0.642105263157895
797,1296.6387075479,-3.7345653499051,1553.10191294264,1.58724221828738,1,0.643859649122807
798,1296.03509412485,-3.75114164114959,1553.11152691909,1.59782105661372,1,0.645614035087719
799,1295.38187760574,-3.76762415404843,1553.10842132244,1.59573896197522,1,0.647368421052632
800,1294.67912331169,-3.78401247653964,1553.11551713298,1.60391682984933,1,0.649122807017544
801,1293.92690151754,-3.80030619891602,1553.11864596451,1.60818618323944,1,0.650877192982456
802,1293.12528744484,-3.81650491383537,1553.11864688249,1.60938599090718,1,0.652631578947368
803,1292.27436125434,-3.83260821633064,1553.11382953111,1.60582579438198,1,0.654385964912281
804,1291.37420803793,-3.84861570382012,1553.11216848863,1.60548006333021,1,0.656140350877193
805,1290.4249178102,-3.86452697611745,1553.10919497692,1.60387990512596,1,0.657894736842105
806,1289.42658549937,-3.88034163544166,1553.11647634204,1.61259254541389,1,0.659649122807018
807,1288.37931093785,-3.89605928642708,1553.1211920936,1.61879736750368,1,0.66140350877193
808,1287.28319885222,-3.91167953613326,1553.1151433402,1.61429534780696,1,0.663157894736842
809,1286.13835885277,-3.92720199405477,1553.11637714192,1.61713340834496,1,0.664912280701754
810,1284.94490542254,-3.94262627213098,1553.12066359609,1.62308150253839,1,0.666666666666667
811,1283.7029579059,-3.95795198475572,1553.12218281893,1.62631959684799,1,0.668421052631579
812,1282.41264049655,-3.97317874878699,1553.11100270392,1.61691542916509,1,0.670175438596491
813,1281.07408222515,-3.98830618355647,1553.11925417276,1.62699975979312,1,0.671929824561403
814,1279.68741694643,-4.00333391087909,1553.11934393816,1.62897913426414,1,0.673684210526316
815,1278.25278332575,-4.01826155506244,1553.11766295852,1.62924433798532,1,0.675438596491228
816,1276.77032482529,-4.0330887429162,1553.12287996243,1.63646392081517,1,0.67719298245614
817,1275.24018968964,-4.04781510376145,1553.11653630069,1.63217904905958,1,0.678947368421053
818,1273.66253093107,-4.06244026943992,1553.11411149733,1.63186905655724,1,0.680701754385965
819,1272.03750631411,-4.07696387432324,1553.11945186151,1.63938005652614,1,0.682456140350877
820,1270.36527833989,-4.09138555532205,1553.12014453238,1.64229898650479,1,0.684210526315789
821,1268.6460142298,-4.10570495189507,1553.11647633737,1.64091246664811,1,0.685964912280702
822,1266.87988590883,-4.11992170605813,1553.1212076073,1.64798061483718,1,0.687719298245614
823,1265.06706998833,-4.13403546239311,1553.10924501683,1.6384098871605,1,0.689473684210526
824,1263.20774774838,-4.14804586805685,1553.11101392134,1.64262541483804,1,0.691228070175439
825,1261.30210511967,-4.16195257278994,1553.10052652406,1.63463917133008,1,0.692982456140351
826,1259.35033266486,-4.17575522892547,1553.1179389396,1.6546070359431,1,0.694736842105263
827,1257.35262555958,-4.18945349139776,1553.10976728203,1.64904488186754,1,0.696491228070175
828,1255.30918357287,-4.20304701775097,1553.11279345992,1.65473437131239,1,0.698245614035088
829,1253.22021104722,-4.21653546814765,1553.11838854719,1.66304632631173,1,0.7
830,1251.08591687815,-4.22991850537723,1553.11282711457,1.6602550602656,1,0.701754385964912
831,1248.90651449329,-4.24319579486449,1553.10954668771,1.6597978360449,1,0.703508771929825
832,1246.68222183108,-4.25636700467787,1553.10663053409,1.65975765294355,1,0.705263157894737
833,1244.41326131891,-4.26943180553783,1553.10874256216,1.66479814580372,1,0.707017543859649
834,1242.09985985096,-4.28238987082501,1553.1119783834,1.67101464718083,1,0.708771929824561
835,1239.74224876543,-4.29524087658846,1553.10034985677,1.66241873174473,1,0.710526315789474
836,1237.34066382148,-4.3079845015537,1553.10650512986,1.67165825748851,1,0.712280701754386
837,1234.8953451756,-4.32062042713079,1553.10962323744,1.6779119643262,1,0.714035087719298
838,1232.40653735761,-4.33314833742222,1553.09742099775,1.6688963703848,1,0.715789473684211
839,1229.87448924622,-4.34556791923091,1553.10663406614,1.68134682565406,1,0.717543859649123
840,1227.29945404414,-4.35787886206794,1553.10541560617,1.68341618318856,1,0.719298245614035
841,1224.68168925273,-4.3700808581604,1553.09625080942,1.67758931888402,1,0.721052631578947
842,1222.0214566463,-4.38217360245901,1553.09175122019,1.67647745622256,1,0.72280701754386
843,1219.31902224589,-4.39415679264579,1553.10000226618,1.68816569699427,1,0.724561403508772
844,1216.57465629268,-4.40603012914163,1553.10039151572,1.69204127856727,1,0.726315789473684
845,1213.78863322099,-4.41779331511371,1553.0977097938,1.69289468992927,1,0.728070175438596
846,1210.9612316308,-4.42944605648301,1553.09704575597,1.69581424562894,1,0.729824561403509
847,1208.09273425991,-4.4409880619316,1553.08568916736,1.68808936483023,1,0.731578947368421
848,1205.18342795568,-4.45241904290994,1553.09283956977,1.69891923845049,1,0.733333333333333
849,1202.2336036463,-4.46373871364411,1553.08529340409,1.69509995159073,1,0.735087719298246
850,1199.24355631175,-4.47494679114292,1553.08361269077,1.69719316405398,1,0.736842105263158
851,1196.21358495426,-4.48604299520502,1553.07681943702,1.69422051759062,1,0.73859649122807
852,1193.14399256846,-4.49702704842589,1553.08823304318,1.70950104228153,1,0.740350877192982
853,1190.03508611103,-4.50789867620477,1553.08169443764,1.70687529150954,1,0.742105263157895
854,1186.88717647001,-4.51865760675153,1553.0838787914,1.71301805655165,1,0.743859649122807
855,1183.70057843374,-4.52930357109347,1553.0844121923,1.71755504087142,1,0.745614035087719
856,1180.47561065939,-4.53983630308203,1553.06912258977,1.70631380484843,1,0.747368421052632
857,1177.21259564103,-4.55025553939946,1553.07593112091,1.71721509196597,1,0.749122807017544
858,1173.91185967744,-4.5605610195654,1553.07051548147,1.71593619977962,1,0.750877192982456
859,1170.57373283949,-4.57075248594338,1553.0729702445,1.72257129862501,1,0.752631578947368
860,1167.19854893706,-4.58082968374727,1553.07171390156,1.7255384728803,1,0.754385964912281
861,1163.78664548573,-4.59079236104766,1553.06801149904,1.72610235730745,1,0.756140350877193
862,1160.33836367301,-4.60064026877812,1553.05751244191,1.71991194083871,1,0.757894736842105
863,1156.8540483242,-4.61037316074148,1553.05861750097,1.72536757389439,1,0.759649122807017
864,1153.33404786794,-4.61999079361594,1553.05817855897,1.72932071452901,1,0.76140350877193
865,1149.77871430133,-4.62949292696119,1553.07021732252,1.74579264036454,1,0.763157894736842
866,1146.18840315478,-4.63887932322438,1553.05808395956,1.73813308614247,1,0.764912280701754
867,1142.5634734564,-4.6481497477461,1553.06104003222,1.74560317660686,1,0.766666666666667
868,1138.90428769614,-4.65730396876621,1553.04895555959,1.73807248930336,1,0.768421052631579
869,1135.21121178954,-4.66634175742968,1553.04534912091,1.73905915783383,1,0.770175438596491
870,1131.48461504109,-4.67526288779225,1553.04472381814,1.74306583445849,1,0.771929824561403
871,1127.72487010738,-4.68406713682612,1553.03634870099,1.73936111519592,1,0.773684210526316
872,1123.93235295976,-4.69275428442554,1553.04248723335,1.75020800625675,1,0.775438596491228
873,1120.10744284679,-4.70132411341226,1553.03274521575,1.74521184658584,1,0.77719298245614
874,1116.25052225628,-4.70977640954101,1553.02388246856,1.74113199107698,1,0.778947368421053
875,1112.3619768771,-4.71811096150481,1553.03228521211,1.75435419077357,1,0.780701754385965
876,1108.44219556052,-4.72632756094032,1553.01723280729,1.74415733348948,1,0.782456140350877
877,1104.49157028143,-4.73442600243296,1553.01296304721,1.74477873552035,1,0.784210526315789
878,1100.51049609905,-4.74240608352213,1553.02070006455,1.75744204904842,1,0.785964912280702
879,1096.49937111748,-4.75026760470621,1553.01154251374,1.75324544436242,1,0.787719298245614
880,1092.45859644588,-4.75801036944758,1553.00874830057,1.75544633952964,1,0.789473684210526
881,1088.38857615835,-4.76563418417753,1553.00946343591,1.76119025414838,1,0.791228070175439
882,1084.28971725353,-4.77313885830108,1553.00476671747,1.76155549117144,1,0.792982456140351
883,1080.1624296139,-4.78052420420178,1553.00300268284,1.76488608996043,1,0.794736842105263
884,1076.00712596477,-4.78779003724636,1553.00235011557,1.76936033248219,1,0.796491228070175
885,1071.82422183304,-4.79493617578937,1552.99198864741,1.76415734553081,1,0.798245614035088
886,1067.61413550566,-4.80196244117772,1552.98852048597,1.76587882846537,1,0.8
887,1063.37728798773,-4.80886865775514,1552.98092396794,1.76350260650194,1,0.801754385964912
888,1059.11410296049,-4.81565465286658,1552.98621971521,1.77404878684958,1,0.803508771929824
889,1054.82500673888,-4.82232025686252,1552.98821228489,1.78132140878872,1,0.805263157894737
890,1050.51042822894,-4.82886530310319,1552.97807040553,1.77648867996414,1,0.807017543859649
891,1046.17079888494,-4.8352896279628,1552.98075063837,1.78450663767165,1,0.808771929824561
892,1041.8065526662,-4.84159307083354,1552.97757979717,1.78670156872848,1,0.810526315789474
893,1037.41812599369,-4.84777547412967,1552.9764386936,1.79095375493255,1,0.812280701754386
894,1033.00595770644,-4.85383668329144,1552.97301155469,1.79294689058353,1,0.814035087719298
895,1028.57048901758,-4.85977654678893,1552.96117373443,1.78655579408552,1,0.81578947368421
896,1024.11216347029,-4.86559491612587,1552.9568611177,1.78771581196699,1,0.817543859649123
897,1019.63142689342,-4.87129164584332,1552.95788925144,1.79424195008837,1,0.819298245614035
898,1015.12872735688,-4.87686659352333,1552.9508002039,1.79267573298561,1,0.821052631578947
899,1010.60451512689,-4.88231961979251,1552.95784107059,1.80526370980499,1,0.82280701754386
900,1006.05924262088,-4.88765058832549,1552.95390574862,1.80689922876059,1,0.824561403508772
901,1001.49336436232,-4.89285936584831,1552.94388818165,1.80247568209478,1,0.826315789473684
902,996.907336935244,-4.89794582214183,1552.93766021841,1.8018643646802,1,0.828070175438596
903,992.301618938559,-4.9029098300449,1552.93871117768,1.80855403904931,1,0.829824561403509
904,987.67667094023,-4.90775126545758,1552.92921554472,1.80471863187799,1,0.831578947368421
905,983.032955431206,-4.91247000734423,1552.92819065336,1.80937491612018,1,0.833333333333333
906,978.370936779164,-4.91706593773655,1552.9224618414,1.80934766649852,1,0.835087719298246
907,973.691081182087,-4.92153894173653,1552.9219207231,1.81452793199649,1,0.836842105263158
908,968.993856621634,-4.9258889075193,1552.92329390526,1.82164175203309,1,0.83859649122807
909,964.279732816346,-4.93011572633593,1552.91760522089,1.82171239020554,1,0.840350877192982
910,959.549181174676,-4.93421929251618,1552.9158334107,1.82571801577264,1,0.842105263157895
911,954.802674747846,-4.93819950347111,1552.90174684809,1.81742642877467,1,0.843859649122807
912,950.040688182542,-4.94205625969565,1552.90340748747,1.82489900835951,1,0.845614035087719
913,945.263697673454,-4.9457894647711,1552.8937634123,1.82108326089892,1,0.847368421052632
914,940.472180915651,-4.94939902536752,1552.8967601579,1.82992414285385,1,0.849122807017544
915,935.666617056816,-4.95288485124609,1552.89260513878,1.83162848816106,1,0.850877192982456
916,930.847486649331,-4.95624685526133,1552.89358419218,1.83848155184267,1,0.852631578947368
917,926.015271602221,-4.95948495336334,1552.88871071543,1.83949614741745,1,0.854385964912281
918,921.170455132962,-4.96259906459982,1552.88257913427,1.83926611524376,1,0.856140350877193
919,916.313521719165,-4.96558911111815,1552.87287321325,1.8354746330636,1,0.857894736842105
920,911.444957050123,-4.96845501816732,1552.86909187074,1.837620030965,1,0.859649122807018
921,906.565247978247,-4.97119671409982,1552.8572755803,1.83174219289087,1,0.86140350877193
922,901.674882470378,-4.97381413037338,1552.86134229131,1.84175847731047,1,0.863157894736842
923,896.77434955899,-4.97630720155273,1552.85186772906,1.83824401732559,1,0.864912280701754
924,891.864139293292,-4.97867586531123,1552.86030280284,1.85264912889238,1,0.866666666666667
925,886.944742690217,-4.9809200624324,1552.85618399499,1.85450969985926,1,0.868421052631579
926,882.016651685327,-4.98303973681143,1552.84837760807,1.85269143724534,1,0.870175438596491
927,877.080359083615,-4.98503483545657,1552.84179785879,1.85210796120743,1,0.871929824561404
928,872.136358510229,-4.98690530849047,1552.84040139419,1.85671532128694,1,0.873684210526316
929,867.185144361104,-4.98865110915138,1552.84370048851,1.86602519333213,1,0.875438596491228
930,862.227211753531,-4.9902721937944,1552.83840374389,1.86674558027146,1,0.87719298245614
931,857.263056476639,-4.99176852189248,1552.82539306766,1.85975778944313,1,0.878947368421052
932,852.293174941818,-4.99314005603749,1552.82444929626,1.86484205660454,1,0.880701754385965
933,847.31806413308,-4.99438676194117,1552.81397216581,1.86039751652509,1,0.882456140350877
934,842.338221557361,-4.99550860843592,1552.81754176356,1.87000365453779,1,0.88421052631579
935,837.354145194768,-4.99650556747565,1552.81519353455,1.87369531322337,1,0.885964912280702
936,832.366333448783,-4.99737761413642,1552.81195581265,1.87650022352312,1,0.887719298245614
937,827.375285096425,-4.99812472661712,1552.79575472439,1.86634390863927,1,0.889473684210526
938,822.38149923837,-4.99874688623997,1552.8018876088,1.87852310393418,1,0.891228070175438
939,817.385475249043,-4.99924407745102,1552.79099618722,1.87367892677025,1,0.892982456140351
940,812.387712726679,-4.9996162878205,1552.78938691192,1.8781172252401,1,0.894736842105263
941,807.388711443365,-4.99986350804319,1552.79116243996,1.88594005202536,1,0.896491228070175
942,802.388971295064,-4.99998573193859,1552.78466699686,1.88549102820739,1,0.898245614035088
943,797.388992251625,-4.9999829564511,1552.77831232417,1.88518129081591,1,0.9
944,792.389274306784,-4.99985518165012,1552.77812184925,1.89103366272759,1,0.901754385964912
945,787.39031742817,-4.99960241073001,1552.77922052598,1.89817249339465,1,0.903508771929824
946,782.392621507306,-4.99922465001002,1552.76389370718,1.88888253137833,1,0.905263157894737
947,777.396686309618,-4.99872190893416,1552.75622771945,1.88724949917023,1,0.907017543859649
948,772.403011424463,-4.99809420007093,1552.75313856492,1.89018879510487,1,0.908771929824561
949,767.412096215168,-4.99734153911301,1552.75020503194,1.89327860399284,1,0.910526315789474
950,762.424439769095,-4.99646394487689,1552.74755274308,1.89664394530056,1,0.912280701754386
951,757.440540847733,-4.99546143930238,1552.74978088787,1.90488340584923,1,0.914035087719298
952,752.46089783682,-4.99433404745207,1552.73246423242,1.89357114956125,1,0.91578947368421
953,747.486008696507,-4.99308179751069,1552.74007602134,1.90717981941801,1,0.917543859649123
954,742.516370911562,-4.99170472078444,1552.73101533348,1.90410789324993,1,0.919298245614035
955,737.552481441624,-4.99020285170015,1552.73642520785,1.915497809727,1,0.921052631578947
956,732.594836671502,-4.98857622780447,1552.72267885371,1.90772217852192,1,0.92280701754386
957,727.643932361543,-4.98682488976291,1552.72303365834,1.9140377881177,1,0.924561403508772
958,722.700263598051,-4.98494888135885,1552.71435765234,1.91131207115595,1,0.926315789473684
959,717.764324743782,-4.98294824949238,1552.71169860665,1.91459220158741,1,0.928070175438596
960,712.83660938851,-4.9808230441792,1552.70987824077,1.91869930284805,1,0.929824561403509
961,707.917610299663,-4.97857331854934,1552.70611979794,1.92085602317841,1,0.931578947368421
962,703.007819373051,-4.97619912884581,1552.70073744451,1.92137593503,1,0.933333333333333
963,698.107727583675,-4.97370053442324,1552.70511432739,1.9316415925737,1,0.935087719298246
964,693.217824936631,-4.97107759774636,1552.69834873857,1.93075069624762,1,0.936842105263158
965,688.338600418108,-4.96833038438844,1552.70101375903,1.93927573680346,1,0.93859649122807
966,683.470541946493,-4.96545896302968,1552.6865067695,1.93061350602735,1,0.940350877192982
967,678.614136323575,-4.96246340545546,1552.68939750742,1.93933315385442,1,0.942105263157895
968,673.769869185871,-4.95934378655456,1552.66975568434,1.92550380574518,1,0.943859649122807
969,668.938224956057,-4.9561001843173,1552.67964884195,1.94119241884706,1,0.945614035087719
970,664.119686794528,-4.95273267983357,1552.67453589739,1.9418573272832,1,0.947368421052632
971,659.314736551088,-4.94924135729079,1552.66704800444,1.94012910350056,1,0.949122807017544
972,654.523854716755,-4.94562630397185,1552.66865473693,1.94747674163091,1,0.950877192982456
973,649.74752037572,-4.9418876102529,1552.66584457481,1.95038814370419,1,0.952631578947368
974,644.986211157438,-4.93802536960108,1552.66292281273,1.95316802824293,1,0.954385964912281
975,640.240403188863,-4.93403967857221,1552.65617258632,1.95209895660198,1,0.956140350877193
976,635.510571046837,-4.92993063680835,1552.65341888528,1.95500534613947,1,0.957894736842105
977,630.797187710631,-4.92569834703534,1552.64340499157,1.95062990843129,1,0.959649122807017
978,626.100724514653,-4.92134291506021,1552.63768293776,1.95052410771552,1,0.96140350877193
979,621.421651101306,-4.91686444976851,1552.63822726249,1.95666191637166,1,0.963157894736842
980,616.760435374036,-4.91226306312166,1552.63692794733,1.96093275185958,1,0.964912280701754
981,612.117543450529,-4.90753887015408,1552.63720366336,1.96675472335919,1,0.966666666666667
982,607.493439616109,-4.90269198897034,1552.62497454568,1.96004740631552,1,0.968421052631579
983,602.888586277305,-4.89772254074223,1552.62298296097,1.96355261009038,1,0.970175438596491
984,598.303443915615,-4.89263064970569,1552.63683149886,1.98287236935302,1,0.971929824561403
985,593.738471041454,-4.88741644315773,1552.615401101,1.96688707321562,1,0.973684210526316
986,589.194124148304,-4.88208005145325,1552.62469711072,1.98160151495051,1,0.975438596491228
987,584.670857667068,-4.87662160800175,1552.6165101256,1.97880574463389,1,0.97719298245614
988,580.169123920625,-4.87104124926405,1552.60555191248,1.97321098417685,1,0.978947368421053
989,575.689373078598,-4.86533911474881,1552.6044730043,1.97746722424206,1,0.980701754385965
990,571.232053112339,-4.8595153470091,1552.60062366957,1.97892419376761,1,0.982456140350877
991,566.79760975013,-4.85357009163882,1552.60079000082,1.98436744846062,1,0.984210526315789
992,562.38648643261,-4.84750349726904,1552.60200374854,1.99082820479194,1,0.985964912280702
993,557.999124268437,-4.84131571556431,1552.58376996252,1.97781098141972,1,0.987719298245614
994,553.63596199017,-4.83500690121883,1552.59889203699,1.99811864432493,1,0.989473684210526
995,549.297435910401,-4.82857721195265,1552.58950825014,1.99388894642803,1,0.991228070175439
996,544.983979878123,-4.82202680850765,1552.57975272684,1.98925549038383,1,0.992982456140351
997,540.696025235345,-4.81535585464359,1552.5787776533,1.99336994319948,1,0.994736842105263
998,536.434000773957,-4.80856451713397,1552.57784914271,1.99749790203658,1,0.996491228070175
999,532.198332692854,-4.80165296576186,1552.57480919696,1.99948085592019,1,0.998245614035088
1000,527.989444555315,-4.79462137331569,1552.57634343543,2.00600391458765,1,1
